{"cameraMode":{"drawMode":0,"name":"Shaded","section":"Shading Mode"},"sceneLighting":false,"audioPlay":false,"sceneViewState":{"showFog":true,"showMaterialUpdate":false,"showSkybox":true,"showFlares":true,"showImageEffects":true,"showParticleSystems":true},"in2DMode":false,"pivot":{"x":-0.2533455193042755,"y":-3.817859649658203,"z":-0.222600519657135},"rotation":{"x":0.7092121839523315,"y":0.00422986876219511,"z":-0.004255324136465788,"w":0.7049696445465088},"size":19.104019165039064,"orthographic":false}